,source,mutation_method,num_iterations,depth,num_neighbors,best_state,best_score
0,1,shuffle,10,1,1,"[1, 0, 2, 3, 4]",104.1531744
1,1,shuffle,10,1,2,"[1, 0, 2, 3, 4]",104.1531744
2,1,shuffle,10,1,3,"[1, 0, 2, 3, 4]",104.1531744
3,1,shuffle,10,1,4,"[1, 0, 2, 3, 4]",104.1531744
4,1,shuffle,10,2,1,"[1, 0, 2, 3, 4]",104.1531744
5,1,shuffle,10,2,2,"[1, 0, 2, 3, 4]",104.1531744
6,1,shuffle,10,2,3,"[1, 0, 2, 3, 4]",104.1531744
7,1,shuffle,10,2,4,"[1, 0, 2, 3, 4]",104.1531744
8,1,shuffle,10,3,1,"[1, 0, 2, 3, 4]",104.1531744
9,1,shuffle,10,3,2,"[1, 0, 2, 3, 4]",104.1531744
10,1,shuffle,10,3,3,"[1, 0, 2, 3, 4]",104.1531744
11,1,shuffle,10,3,4,"[1, 0, 2, 3, 4]",104.1531744
12,1,shuffle,50,1,1,"[1, 0, 2, 3, 4]",104.1531744
13,1,shuffle,50,1,2,"[1, 0, 2, 3, 4]",104.1531744
14,1,shuffle,50,1,3,"[1, 0, 2, 3, 4]",104.1531744
15,1,shuffle,50,1,4,"[1, 0, 2, 3, 4]",104.1531744
16,1,shuffle,50,2,1,"[1, 0, 2, 3, 4]",104.1531744
17,1,shuffle,50,2,2,"[1, 0, 2, 3, 4]",104.1531744
18,1,shuffle,50,2,3,"[1, 0, 2, 3, 4]",104.1531744
19,1,shuffle,50,2,4,"[1, 0, 2, 3, 4]",104.1531744
20,1,shuffle,50,3,1,"[1, 0, 2, 3, 4]",104.1531744
21,1,shuffle,50,3,2,"[1, 0, 2, 3, 4]",104.1531744
22,1,shuffle,50,3,3,"[1, 0, 2, 3, 4]",104.1531744
23,1,shuffle,50,3,4,"[1, 0, 2, 3, 4]",104.1531744
24,1,shuffle,100,1,1,"[1, 0, 2, 3, 4]",104.1531744
25,1,shuffle,100,1,2,"[1, 0, 2, 3, 4]",104.1531744
26,1,shuffle,100,1,3,"[1, 0, 2, 3, 4]",104.1531744
27,1,shuffle,100,1,4,"[1, 0, 2, 3, 4]",104.1531744
28,1,shuffle,100,2,1,"[1, 0, 2, 3, 4]",104.1531744
29,1,shuffle,100,2,2,"[1, 0, 2, 3, 4]",104.1531744
30,1,shuffle,100,2,3,"[1, 0, 2, 3, 4]",104.1531744
31,1,shuffle,100,2,4,"[1, 0, 2, 3, 4]",104.1531744
32,1,shuffle,100,3,1,"[1, 0, 2, 3, 4]",104.1531744
33,1,shuffle,100,3,2,"[1, 0, 2, 3, 4]",104.1531744
34,1,shuffle,100,3,3,"[1, 0, 2, 3, 4]",104.1531744
35,1,shuffle,100,3,4,"[1, 0, 2, 3, 4]",104.1531744
36,1,shuffle,200,1,1,"[1, 0, 2, 3, 4]",104.1531744
37,1,shuffle,200,1,2,"[1, 0, 2, 3, 4]",104.1531744
38,1,shuffle,200,1,3,"[1, 0, 2, 3, 4]",104.1531744
39,1,shuffle,200,1,4,"[1, 0, 2, 3, 4]",104.1531744
40,1,shuffle,200,2,1,"[1, 0, 2, 3, 4]",104.1531744
41,1,shuffle,200,2,2,"[1, 0, 2, 3, 4]",104.1531744
42,1,shuffle,200,2,3,"[1, 0, 2, 3, 4]",104.1531744
43,1,shuffle,200,2,4,"[1, 0, 2, 3, 4]",104.1531744
44,1,shuffle,200,3,1,"[1, 0, 2, 3, 4]",104.1531744
45,1,shuffle,200,3,2,"[1, 0, 2, 3, 4]",104.1531744
46,1,shuffle,200,3,3,"[1, 0, 2, 3, 4]",104.1531744
47,1,shuffle,200,3,4,"[1, 0, 2, 3, 4]",104.1531744
48,1,shuffle,500,1,1,"[1, 0, 2, 3, 4]",104.1531744
49,1,shuffle,500,1,2,"[1, 0, 2, 3, 4]",104.1531744
50,1,shuffle,500,1,3,"[1, 0, 2, 3, 4]",104.1531744
51,1,shuffle,500,1,4,"[1, 0, 2, 3, 4]",104.1531744
52,1,shuffle,500,2,1,"[1, 0, 2, 3, 4]",104.1531744
53,1,shuffle,500,2,2,"[1, 0, 2, 3, 4]",104.1531744
54,1,shuffle,500,2,3,"[1, 0, 2, 3, 4]",104.1531744
55,1,shuffle,500,2,4,"[1, 0, 2, 3, 4]",104.1531744
56,1,shuffle,500,3,1,"[1, 0, 2, 3, 4]",104.1531744
57,1,shuffle,500,3,2,"[1, 0, 2, 3, 4]",104.1531744
58,1,shuffle,500,3,3,"[1, 0, 2, 3, 4]",104.1531744
59,1,shuffle,500,3,4,"[1, 0, 2, 3, 4]",104.1531744
60,1,swap,10,1,1,"[1, 3, 0, 2, 4]",104.133282
61,1,swap,10,1,2,"[1, 3, 0, 2, 4]",104.133282
62,1,swap,10,1,3,"[1, 3, 0, 2, 4]",104.133282
63,1,swap,10,1,4,"[1, 3, 0, 2, 4]",104.133282
64,1,swap,10,2,1,"[1, 0, 2, 3, 4]",104.1531744
65,1,swap,10,2,2,"[1, 0, 2, 3, 4]",104.1531744
66,1,swap,10,2,3,"[1, 0, 2, 3, 4]",104.1531744
67,1,swap,10,2,4,"[1, 0, 2, 3, 4]",104.1531744
68,1,swap,10,3,1,"[1, 0, 2, 3, 4]",104.1531744
69,1,swap,10,3,2,"[1, 0, 2, 3, 4]",104.1531744
70,1,swap,10,3,3,"[1, 0, 2, 3, 4]",104.1531744
71,1,swap,10,3,4,"[1, 0, 2, 3, 4]",104.1531744
72,1,swap,50,1,1,"[1, 3, 0, 2, 4]",104.133282
73,1,swap,50,1,2,"[1, 3, 0, 2, 4]",104.133282
74,1,swap,50,1,3,"[1, 3, 0, 2, 4]",104.133282
75,1,swap,50,1,4,"[1, 3, 0, 2, 4]",104.133282
76,1,swap,50,2,1,"[1, 0, 2, 3, 4]",104.1531744
77,1,swap,50,2,2,"[1, 0, 2, 3, 4]",104.1531744
78,1,swap,50,2,3,"[1, 0, 2, 3, 4]",104.1531744
79,1,swap,50,2,4,"[1, 0, 2, 3, 4]",104.1531744
80,1,swap,50,3,1,"[1, 0, 2, 3, 4]",104.1531744
81,1,swap,50,3,2,"[1, 0, 2, 3, 4]",104.1531744
82,1,swap,50,3,3,"[1, 0, 2, 3, 4]",104.1531744
83,1,swap,50,3,4,"[1, 0, 2, 3, 4]",104.1531744
84,1,swap,100,1,1,"[1, 3, 0, 2, 4]",104.133282
85,1,swap,100,1,2,"[1, 3, 0, 2, 4]",104.133282
86,1,swap,100,1,3,"[1, 3, 0, 2, 4]",104.133282
87,1,swap,100,1,4,"[1, 3, 0, 2, 4]",104.133282
88,1,swap,100,2,1,"[1, 0, 2, 3, 4]",104.1531744
89,1,swap,100,2,2,"[1, 0, 2, 3, 4]",104.1531744
90,1,swap,100,2,3,"[1, 0, 2, 3, 4]",104.1531744
91,1,swap,100,2,4,"[1, 0, 2, 3, 4]",104.1531744
92,1,swap,100,3,1,"[1, 0, 2, 3, 4]",104.1531744
93,1,swap,100,3,2,"[1, 0, 2, 3, 4]",104.1531744
94,1,swap,100,3,3,"[1, 0, 2, 3, 4]",104.1531744
95,1,swap,100,3,4,"[1, 0, 2, 3, 4]",104.1531744
96,1,swap,200,1,1,"[1, 3, 0, 2, 4]",104.133282
97,1,swap,200,1,2,"[1, 3, 0, 2, 4]",104.133282
98,1,swap,200,1,3,"[1, 3, 0, 2, 4]",104.133282
99,1,swap,200,1,4,"[1, 3, 0, 2, 4]",104.133282
100,1,swap,200,2,1,"[1, 0, 2, 3, 4]",104.1531744
101,1,swap,200,2,2,"[1, 0, 2, 3, 4]",104.1531744
102,1,swap,200,2,3,"[1, 0, 2, 3, 4]",104.1531744
103,1,swap,200,2,4,"[1, 0, 2, 3, 4]",104.1531744
104,1,swap,200,3,1,"[1, 0, 2, 3, 4]",104.1531744
105,1,swap,200,3,2,"[1, 0, 2, 3, 4]",104.1531744
106,1,swap,200,3,3,"[1, 0, 2, 3, 4]",104.1531744
107,1,swap,200,3,4,"[1, 0, 2, 3, 4]",104.1531744
108,1,swap,500,1,1,"[1, 3, 0, 2, 4]",104.133282
109,1,swap,500,1,2,"[1, 3, 0, 2, 4]",104.133282
110,1,swap,500,1,3,"[1, 3, 0, 2, 4]",104.133282
111,1,swap,500,1,4,"[1, 3, 0, 2, 4]",104.133282
112,1,swap,500,2,1,"[1, 0, 2, 3, 4]",104.1531744
113,1,swap,500,2,2,"[1, 0, 2, 3, 4]",104.1531744
114,1,swap,500,2,3,"[1, 0, 2, 3, 4]",104.1531744
115,1,swap,500,2,4,"[1, 0, 2, 3, 4]",104.1531744
116,1,swap,500,3,1,"[1, 0, 2, 3, 4]",104.1531744
117,1,swap,500,3,2,"[1, 0, 2, 3, 4]",104.1531744
118,1,swap,500,3,3,"[1, 0, 2, 3, 4]",104.1531744
119,1,swap,500,3,4,"[1, 0, 2, 3, 4]",104.1531744
120,1,add,10,1,1,"[1, 4]",104.03
121,1,add,10,1,2,"[1, 4]",104.03
122,1,add,10,1,3,"[1, 4]",104.03
123,1,add,10,1,4,"[1, 4]",104.03
124,1,add,10,2,1,"[1, 4]",104.03
125,1,add,10,2,2,"[1, 4]",104.03
126,1,add,10,2,3,"[1, 4]",104.03
127,1,add,10,2,4,"[1, 0, 2, 4]",104.3284
128,1,add,10,3,1,"[1, 4]",104.03
129,1,add,10,3,2,"[1, 0, 2, 4]",104.3284
130,1,add,10,3,3,"[1, 4]",104.03
131,1,add,10,3,4,"[1, 0, 2, 4]",104.3284
132,1,add,50,1,1,"[1, 4]",104.03
133,1,add,50,1,2,"[1, 4]",104.03
134,1,add,50,1,3,"[1, 4]",104.03
135,1,add,50,1,4,"[1, 4]",104.03
136,1,add,50,2,1,"[1, 4]",104.03
137,1,add,50,2,2,"[1, 4]",104.03
138,1,add,50,2,3,"[1, 4]",104.03
139,1,add,50,2,4,"[1, 0, 2, 4]",104.3284
140,1,add,50,3,1,"[1, 4]",104.03
141,1,add,50,3,2,"[1, 0, 2, 4]",104.3284
142,1,add,50,3,3,"[1, 4]",104.03
143,1,add,50,3,4,"[1, 0, 2, 4]",104.3284
144,1,add,100,1,1,"[1, 4]",104.03
145,1,add,100,1,2,"[1, 4]",104.03
146,1,add,100,1,3,"[1, 4]",104.03
147,1,add,100,1,4,"[1, 4]",104.03
148,1,add,100,2,1,"[1, 4]",104.03
149,1,add,100,2,2,"[1, 4]",104.03
150,1,add,100,2,3,"[1, 4]",104.03
151,1,add,100,2,4,"[1, 0, 2, 4]",104.3284
152,1,add,100,3,1,"[1, 4]",104.03
153,1,add,100,3,2,"[1, 0, 2, 4]",104.3284
154,1,add,100,3,3,"[1, 4]",104.03
155,1,add,100,3,4,"[1, 0, 2, 4]",104.3284
156,1,add,200,1,1,"[1, 4]",104.03
157,1,add,200,1,2,"[1, 4]",104.03
158,1,add,200,1,3,"[1, 4]",104.03
159,1,add,200,1,4,"[1, 4]",104.03
160,1,add,200,2,1,"[1, 4]",104.03
161,1,add,200,2,2,"[1, 4]",104.03
162,1,add,200,2,3,"[1, 4]",104.03
163,1,add,200,2,4,"[1, 0, 2, 4]",104.3284
164,1,add,200,3,1,"[1, 4]",104.03
165,1,add,200,3,2,"[1, 0, 2, 4]",104.3284
166,1,add,200,3,3,"[1, 4]",104.03
167,1,add,200,3,4,"[1, 0, 2, 4]",104.3284
168,1,add,500,1,1,"[1, 4]",104.03
169,1,add,500,1,2,"[1, 4]",104.03
170,1,add,500,1,3,"[1, 4]",104.03
171,1,add,500,1,4,"[1, 4]",104.03
172,1,add,500,2,1,"[1, 4]",104.03
173,1,add,500,2,2,"[1, 4]",104.03
174,1,add,500,2,3,"[1, 4]",104.03
175,1,add,500,2,4,"[1, 0, 2, 4]",104.3284
176,1,add,500,3,1,"[1, 4]",104.03
177,1,add,500,3,2,"[1, 0, 2, 4]",104.3284
178,1,add,500,3,3,"[1, 4]",104.03
179,1,add,500,3,4,"[1, 0, 2, 4]",104.3284
180,1,all,10,1,1,"[1, 0, 2, 4]",104.3284
181,1,all,10,1,2,"[1, 0, 2, 4]",104.3284
182,1,all,10,1,3,"[1, 0, 2, 4]",104.3284
183,1,all,10,1,4,"[1, 0, 2, 4]",104.3284
184,1,all,10,2,1,"[1, 0, 2, 4]",104.3284
185,1,all,10,2,2,"[1, 0, 2, 4]",104.3284
186,1,all,10,2,3,"[1, 0, 2, 4]",104.3284
187,1,all,10,2,4,"[1, 0, 2, 4]",104.3284
188,1,all,10,3,1,"[1, 0, 2, 4]",104.3284
189,1,all,10,3,2,"[1, 0, 2, 4]",104.3284
190,1,all,10,3,3,"[1, 0, 2, 4]",104.3284
191,1,all,10,3,4,"[1, 0, 2, 4]",104.3284
192,1,all,50,1,1,"[1, 0, 2, 4]",104.3284
193,1,all,50,1,2,"[1, 0, 2, 4]",104.3284
194,1,all,50,1,3,"[1, 0, 2, 4]",104.3284
195,1,all,50,1,4,"[1, 0, 2, 4]",104.3284
196,1,all,50,2,1,"[1, 0, 2, 4]",104.3284
197,1,all,50,2,2,"[1, 0, 2, 4]",104.3284
198,1,all,50,2,3,"[1, 0, 2, 4]",104.3284
199,1,all,50,2,4,"[1, 0, 2, 4]",104.3284
200,1,all,50,3,1,"[1, 0, 2, 4]",104.3284
201,1,all,50,3,2,"[1, 0, 2, 4]",104.3284
202,1,all,50,3,3,"[1, 0, 2, 4]",104.3284
203,1,all,50,3,4,"[1, 0, 2, 4]",104.3284
204,1,all,100,1,1,"[1, 0, 2, 4]",104.3284
205,1,all,100,1,2,"[1, 0, 2, 4]",104.3284
206,1,all,100,1,3,"[1, 0, 2, 4]",104.3284
207,1,all,100,1,4,"[1, 0, 2, 4]",104.3284
208,1,all,100,2,1,"[1, 0, 2, 4]",104.3284
209,1,all,100,2,2,"[1, 0, 2, 4]",104.3284
210,1,all,100,2,3,"[1, 0, 2, 4]",104.3284
211,1,all,100,2,4,"[1, 0, 2, 4]",104.3284
212,1,all,100,3,1,"[1, 0, 2, 4]",104.3284
213,1,all,100,3,2,"[1, 0, 2, 4]",104.3284
214,1,all,100,3,3,"[1, 0, 2, 4]",104.3284
215,1,all,100,3,4,"[1, 0, 2, 4]",104.3284
216,1,all,200,1,1,"[1, 0, 2, 4]",104.3284
217,1,all,200,1,2,"[1, 0, 2, 4]",104.3284
218,1,all,200,1,3,"[1, 0, 2, 4]",104.3284
219,1,all,200,1,4,"[1, 0, 2, 4]",104.3284
220,1,all,200,2,1,"[1, 0, 2, 4]",104.3284
221,1,all,200,2,2,"[1, 0, 2, 4]",104.3284
222,1,all,200,2,3,"[1, 0, 2, 4]",104.3284
223,1,all,200,2,4,"[1, 0, 2, 4]",104.3284
224,1,all,200,3,1,"[1, 0, 2, 4]",104.3284
225,1,all,200,3,2,"[1, 0, 2, 4]",104.3284
226,1,all,200,3,3,"[1, 0, 2, 4]",104.3284
227,1,all,200,3,4,"[1, 0, 2, 4]",104.3284
228,1,all,500,1,1,"[1, 0, 2, 4]",104.3284
229,1,all,500,1,2,"[1, 0, 2, 4]",104.3284
230,1,all,500,1,3,"[1, 0, 2, 4]",104.3284
231,1,all,500,1,4,"[1, 0, 2, 4]",104.3284
232,1,all,500,2,1,"[1, 0, 2, 4]",104.3284
233,1,all,500,2,2,"[1, 0, 2, 4]",104.3284
234,1,all,500,2,3,"[1, 0, 2, 4]",104.3284
235,1,all,500,2,4,"[1, 0, 2, 4]",104.3284
236,1,all,500,3,1,"[1, 0, 2, 4]",104.3284
237,1,all,500,3,2,"[1, 0, 2, 4]",104.3284
238,1,all,500,3,3,"[1, 0, 2, 4]",104.3284
239,1,all,500,3,4,"[1, 0, 2, 4]",104.3284
240,2,shuffle,10,1,1,"[3, 0, 8, 7, 2, 6, 9, 4, 1, 5]",0.0078125
241,2,shuffle,10,1,2,"[3, 0, 8, 7, 2, 6, 9, 4, 1, 5]",0.0078125
242,2,shuffle,10,1,3,"[3, 0, 8, 7, 2, 6, 9, 4, 1, 5]",0.0078125
243,2,shuffle,10,1,4,"[3, 0, 8, 7, 2, 6, 9, 4, 1, 5]",0.0078125
244,2,shuffle,10,2,1,"[3, 8, 7, 0, 1, 2, 9, 6, 4, 5]",0.00390625
245,2,shuffle,10,2,2,"[3, 0, 1, 2, 4, 8, 9, 7, 6, 5]",0.0078125
246,2,shuffle,10,2,3,"[3, 0, 2, 9, 8, 4, 6, 7, 1, 5]",0.0078125
247,2,shuffle,10,2,4,"[3, 7, 2, 9, 4, 8, 6, 0, 1, 5]",0.0078125
248,2,shuffle,10,3,1,"[3, 0, 2, 9, 4, 6, 7, 8, 1, 5]",0.0078125
249,2,shuffle,10,3,2,"[3, 0, 7, 6, 4, 2, 8, 9, 1, 5]",0.0078125
250,2,shuffle,10,3,3,"[3, 0, 1, 7, 2, 8, 9, 6, 4, 5]",0.0078125
251,2,shuffle,10,3,4,"[3, 4, 7, 6, 9, 8, 2, 0, 1, 5]",0.0078125
252,2,shuffle,50,1,1,"[3, 0, 8, 7, 2, 6, 9, 4, 1, 5]",0.0078125
253,2,shuffle,50,1,2,"[3, 0, 8, 7, 2, 6, 9, 4, 1, 5]",0.0078125
254,2,shuffle,50,1,3,"[3, 0, 8, 7, 2, 6, 9, 4, 1, 5]",0.0078125
255,2,shuffle,50,1,4,"[3, 0, 8, 7, 2, 6, 9, 4, 1, 5]",0.0078125
256,2,shuffle,50,2,1,"[3, 8, 7, 0, 1, 2, 9, 6, 4, 5]",0.00390625
257,2,shuffle,50,2,2,"[3, 0, 1, 2, 4, 8, 9, 7, 6, 5]",0.0078125
258,2,shuffle,50,2,3,"[3, 0, 2, 9, 8, 4, 6, 7, 1, 5]",0.0078125
259,2,shuffle,50,2,4,"[3, 7, 2, 9, 4, 8, 6, 0, 1, 5]",0.0078125
260,2,shuffle,50,3,1,"[3, 0, 2, 9, 4, 6, 7, 8, 1, 5]",0.0078125
261,2,shuffle,50,3,2,"[3, 0, 7, 6, 4, 2, 8, 9, 1, 5]",0.0078125
262,2,shuffle,50,3,3,"[3, 0, 1, 7, 2, 8, 9, 6, 4, 5]",0.0078125
263,2,shuffle,50,3,4,"[3, 4, 7, 6, 9, 8, 2, 0, 1, 5]",0.0078125
264,2,shuffle,100,1,1,"[3, 0, 8, 7, 2, 6, 9, 4, 1, 5]",0.0078125
265,2,shuffle,100,1,2,"[3, 0, 8, 7, 2, 6, 9, 4, 1, 5]",0.0078125
266,2,shuffle,100,1,3,"[3, 0, 8, 7, 2, 6, 9, 4, 1, 5]",0.0078125
267,2,shuffle,100,1,4,"[3, 0, 8, 7, 2, 6, 9, 4, 1, 5]",0.0078125
268,2,shuffle,100,2,1,"[3, 0, 9, 7, 8, 6, 4, 2, 1, 5]",0.0078125
269,2,shuffle,100,2,2,"[3, 0, 1, 2, 4, 8, 9, 7, 6, 5]",0.0078125
270,2,shuffle,100,2,3,"[3, 0, 2, 9, 8, 4, 6, 7, 1, 5]",0.0078125
271,2,shuffle,100,2,4,"[3, 7, 2, 9, 4, 8, 6, 0, 1, 5]",0.0078125
272,2,shuffle,100,3,1,"[3, 0, 2, 9, 4, 6, 7, 8, 1, 5]",0.0078125
273,2,shuffle,100,3,2,"[3, 0, 7, 6, 4, 2, 8, 9, 1, 5]",0.0078125
274,2,shuffle,100,3,3,"[3, 0, 1, 7, 2, 8, 9, 6, 4, 5]",0.0078125
275,2,shuffle,100,3,4,"[3, 4, 7, 6, 9, 8, 2, 0, 1, 5]",0.0078125
276,2,shuffle,200,1,1,"[3, 0, 8, 7, 2, 6, 9, 4, 1, 5]",0.0078125
277,2,shuffle,200,1,2,"[3, 0, 8, 7, 2, 6, 9, 4, 1, 5]",0.0078125
278,2,shuffle,200,1,3,"[3, 0, 8, 7, 2, 6, 9, 4, 1, 5]",0.0078125
279,2,shuffle,200,1,4,"[3, 0, 8, 7, 2, 6, 9, 4, 1, 5]",0.0078125
280,2,shuffle,200,2,1,"[3, 0, 9, 7, 8, 6, 4, 2, 1, 5]",0.0078125
281,2,shuffle,200,2,2,"[3, 0, 1, 2, 4, 8, 9, 7, 6, 5]",0.0078125
282,2,shuffle,200,2,3,"[3, 0, 2, 9, 8, 4, 6, 7, 1, 5]",0.0078125
283,2,shuffle,200,2,4,"[3, 7, 2, 9, 4, 8, 6, 0, 1, 5]",0.0078125
284,2,shuffle,200,3,1,"[3, 0, 2, 9, 4, 6, 7, 8, 1, 5]",0.0078125
285,2,shuffle,200,3,2,"[3, 0, 7, 6, 4, 2, 8, 9, 1, 5]",0.0078125
286,2,shuffle,200,3,3,"[3, 0, 1, 7, 2, 8, 9, 6, 4, 5]",0.0078125
287,2,shuffle,200,3,4,"[3, 4, 7, 6, 9, 8, 2, 0, 1, 5]",0.0078125
288,2,shuffle,500,1,1,"[3, 0, 8, 7, 2, 6, 9, 4, 1, 5]",0.0078125
289,2,shuffle,500,1,2,"[3, 0, 8, 7, 2, 6, 9, 4, 1, 5]",0.0078125
290,2,shuffle,500,1,3,"[3, 0, 8, 7, 2, 6, 9, 4, 1, 5]",0.0078125
291,2,shuffle,500,1,4,"[3, 0, 8, 7, 2, 6, 9, 4, 1, 5]",0.0078125
292,2,shuffle,500,2,1,"[3, 0, 9, 7, 8, 6, 4, 2, 1, 5]",0.0078125
293,2,shuffle,500,2,2,"[3, 0, 1, 2, 4, 8, 9, 7, 6, 5]",0.0078125
294,2,shuffle,500,2,3,"[3, 0, 2, 9, 8, 4, 6, 7, 1, 5]",0.0078125
295,2,shuffle,500,2,4,"[3, 7, 2, 9, 4, 8, 6, 0, 1, 5]",0.0078125
296,2,shuffle,500,3,1,"[3, 0, 2, 9, 4, 6, 7, 8, 1, 5]",0.0078125
297,2,shuffle,500,3,2,"[3, 0, 7, 6, 4, 2, 8, 9, 1, 5]",0.0078125
298,2,shuffle,500,3,3,"[3, 0, 1, 7, 2, 8, 9, 6, 4, 5]",0.0078125
299,2,shuffle,500,3,4,"[3, 4, 7, 6, 9, 8, 2, 0, 1, 5]",0.0078125
300,2,swap,10,1,1,"[3, 1, 6, 0, 7, 8, 9, 4, 2, 5]",0.001953125
301,2,swap,10,1,2,"[3, 0, 6, 1, 7, 8, 9, 4, 2, 5]",0.00390625
302,2,swap,10,1,3,"[3, 0, 6, 1, 7, 8, 9, 4, 2, 5]",0.00390625
303,2,swap,10,1,4,"[3, 0, 6, 1, 7, 8, 9, 4, 2, 5]",0.00390625
304,2,swap,10,2,1,"[3, 7, 6, 0, 1, 9, 8, 4, 2, 5]",0.00390625
305,2,swap,10,2,2,"[3, 0, 6, 8, 7, 2, 9, 4, 1, 5]",0.0078125
306,2,swap,10,2,3,"[3, 0, 6, 1, 7, 8, 9, 4, 2, 5]",0.00390625
307,2,swap,10,2,4,"[3, 0, 1, 6, 7, 8, 4, 9, 2, 5]",0.0078125
308,2,swap,10,3,1,"[3, 8, 6, 0, 1, 9, 2, 4, 7, 5]",0.00390625
309,2,swap,10,3,2,"[3, 0, 8, 6, 7, 2, 9, 4, 1, 5]",0.0078125
310,2,swap,10,3,3,"[3, 0, 7, 2, 6, 8, 9, 4, 1, 5]",0.0078125
311,2,swap,10,3,4,"[3, 0, 7, 2, 6, 4, 9, 8, 1, 5]",0.0078125
312,2,swap,50,1,1,"[3, 0, 6, 1, 7, 8, 9, 4, 2, 5]",0.00390625
313,2,swap,50,1,2,"[3, 0, 6, 1, 7, 8, 9, 4, 2, 5]",0.00390625
314,2,swap,50,1,3,"[3, 0, 1, 6, 7, 8, 9, 4, 2, 5]",0.0078125
315,2,swap,50,1,4,"[3, 0, 1, 6, 7, 8, 9, 4, 2, 5]",0.0078125
316,2,swap,50,2,1,"[3, 7, 6, 0, 1, 9, 8, 4, 2, 5]",0.00390625
317,2,swap,50,2,2,"[3, 0, 6, 8, 7, 2, 9, 4, 1, 5]",0.0078125
318,2,swap,50,2,3,"[3, 0, 6, 7, 2, 8, 9, 4, 1, 5]",0.0078125
319,2,swap,50,2,4,"[3, 0, 1, 6, 7, 8, 4, 9, 2, 5]",0.0078125
320,2,swap,50,3,1,"[3, 8, 6, 0, 1, 9, 2, 4, 7, 5]",0.00390625
321,2,swap,50,3,2,"[3, 0, 8, 6, 7, 2, 9, 4, 1, 5]",0.0078125
322,2,swap,50,3,3,"[3, 0, 7, 2, 6, 8, 9, 4, 1, 5]",0.0078125
323,2,swap,50,3,4,"[3, 0, 7, 2, 6, 4, 9, 8, 1, 5]",0.0078125
324,2,swap,100,1,1,"[3, 0, 6, 1, 7, 8, 9, 4, 2, 5]",0.00390625
325,2,swap,100,1,2,"[3, 0, 1, 6, 7, 8, 9, 4, 2, 5]",0.0078125
326,2,swap,100,1,3,"[3, 0, 1, 6, 7, 8, 9, 4, 2, 5]",0.0078125
327,2,swap,100,1,4,"[3, 0, 1, 6, 7, 8, 9, 4, 2, 5]",0.0078125
328,2,swap,100,2,1,"[3, 7, 6, 4, 2, 9, 8, 0, 1, 5]",0.0078125
329,2,swap,100,2,2,"[3, 0, 6, 8, 7, 2, 9, 4, 1, 5]",0.0078125
330,2,swap,100,2,3,"[3, 0, 6, 7, 2, 8, 9, 4, 1, 5]",0.0078125
331,2,swap,100,2,4,"[3, 0, 1, 6, 7, 8, 4, 9, 2, 5]",0.0078125
332,2,swap,100,3,1,"[3, 8, 6, 4, 9, 7, 2, 0, 1, 5]",0.0078125
333,2,swap,100,3,2,"[3, 0, 8, 6, 7, 2, 9, 4, 1, 5]",0.0078125
334,2,swap,100,3,3,"[3, 0, 7, 2, 6, 8, 9, 4, 1, 5]",0.0078125
335,2,swap,100,3,4,"[3, 0, 7, 2, 6, 4, 9, 8, 1, 5]",0.0078125
336,2,swap,200,1,1,"[3, 0, 1, 6, 7, 8, 9, 4, 2, 5]",0.0078125
337,2,swap,200,1,2,"[3, 0, 1, 6, 7, 8, 9, 4, 2, 5]",0.0078125
338,2,swap,200,1,3,"[3, 0, 1, 6, 7, 8, 9, 4, 2, 5]",0.0078125
339,2,swap,200,1,4,"[3, 0, 1, 6, 7, 8, 9, 4, 2, 5]",0.0078125
340,2,swap,200,2,1,"[3, 7, 6, 4, 2, 9, 8, 0, 1, 5]",0.0078125
341,2,swap,200,2,2,"[3, 0, 6, 8, 7, 2, 9, 4, 1, 5]",0.0078125
342,2,swap,200,2,3,"[3, 0, 6, 7, 2, 8, 9, 4, 1, 5]",0.0078125
343,2,swap,200,2,4,"[3, 0, 1, 6, 7, 8, 4, 9, 2, 5]",0.0078125
344,2,swap,200,3,1,"[3, 8, 6, 4, 9, 7, 2, 0, 1, 5]",0.0078125
345,2,swap,200,3,2,"[3, 0, 8, 6, 7, 2, 9, 4, 1, 5]",0.0078125
346,2,swap,200,3,3,"[3, 0, 7, 2, 6, 8, 9, 4, 1, 5]",0.0078125
347,2,swap,200,3,4,"[3, 0, 7, 2, 6, 4, 9, 8, 1, 5]",0.0078125
348,2,swap,500,1,1,"[3, 0, 1, 6, 7, 8, 9, 4, 2, 5]",0.0078125
349,2,swap,500,1,2,"[3, 0, 1, 6, 7, 8, 9, 4, 2, 5]",0.0078125
350,2,swap,500,1,3,"[3, 0, 1, 6, 7, 8, 9, 4, 2, 5]",0.0078125
351,2,swap,500,1,4,"[3, 0, 1, 6, 7, 8, 9, 4, 2, 5]",0.0078125
352,2,swap,500,2,1,"[3, 7, 6, 4, 2, 9, 8, 0, 1, 5]",0.0078125
353,2,swap,500,2,2,"[3, 0, 6, 8, 7, 2, 9, 4, 1, 5]",0.0078125
354,2,swap,500,2,3,"[3, 0, 6, 7, 2, 8, 9, 4, 1, 5]",0.0078125
355,2,swap,500,2,4,"[3, 0, 1, 6, 7, 8, 4, 9, 2, 5]",0.0078125
356,2,swap,500,3,1,"[3, 8, 6, 4, 9, 7, 2, 0, 1, 5]",0.0078125
357,2,swap,500,3,2,"[3, 0, 8, 6, 7, 2, 9, 4, 1, 5]",0.0078125
358,2,swap,500,3,3,"[3, 0, 7, 2, 6, 8, 9, 4, 1, 5]",0.0078125
359,2,swap,500,3,4,"[3, 0, 7, 2, 6, 4, 9, 8, 1, 5]",0.0078125
360,2,add,10,1,1,"[3, 0, 1, 5]",1.0
361,2,add,10,1,2,"[3, 0, 1, 5]",1.0
362,2,add,10,1,3,"[3, 5]",2.0
363,2,add,10,1,4,"[3, 5]",2.0
364,2,add,10,2,1,"[3, 5]",2.0
365,2,add,10,2,2,"[3, 0, 1, 5]",1.0
366,2,add,10,2,3,"[3, 5]",2.0
367,2,add,10,2,4,"[3, 5]",2.0
368,2,add,10,3,1,"[3, 5]",2.0
369,2,add,10,3,2,"[3, 5]",2.0
370,2,add,10,3,3,"[3, 5]",2.0
371,2,add,10,3,4,"[3, 5]",2.0
372,2,add,50,1,1,"[3, 0, 1, 5]",1.0
373,2,add,50,1,2,"[3, 5]",2.0
374,2,add,50,1,3,"[3, 5]",2.0
375,2,add,50,1,4,"[3, 5]",2.0
376,2,add,50,2,1,"[3, 5]",2.0
377,2,add,50,2,2,"[3, 5]",2.0
378,2,add,50,2,3,"[3, 5]",2.0
379,2,add,50,2,4,"[3, 5]",2.0
380,2,add,50,3,1,"[3, 5]",2.0
381,2,add,50,3,2,"[3, 5]",2.0
382,2,add,50,3,3,"[3, 5]",2.0
383,2,add,50,3,4,"[3, 5]",2.0
384,2,add,100,1,1,"[3, 5]",2.0
385,2,add,100,1,2,"[3, 5]",2.0
386,2,add,100,1,3,"[3, 5]",2.0
387,2,add,100,1,4,"[3, 5]",2.0
388,2,add,100,2,1,"[3, 5]",2.0
389,2,add,100,2,2,"[3, 5]",2.0
390,2,add,100,2,3,"[3, 5]",2.0
391,2,add,100,2,4,"[3, 5]",2.0
392,2,add,100,3,1,"[3, 5]",2.0
393,2,add,100,3,2,"[3, 5]",2.0
394,2,add,100,3,3,"[3, 5]",2.0
395,2,add,100,3,4,"[3, 5]",2.0
396,2,add,200,1,1,"[3, 5]",2.0
397,2,add,200,1,2,"[3, 5]",2.0
398,2,add,200,1,3,"[3, 5]",2.0
399,2,add,200,1,4,"[3, 5]",2.0
400,2,add,200,2,1,"[3, 5]",2.0
401,2,add,200,2,2,"[3, 5]",2.0
402,2,add,200,2,3,"[3, 5]",2.0
403,2,add,200,2,4,"[3, 5]",2.0
404,2,add,200,3,1,"[3, 5]",2.0
405,2,add,200,3,2,"[3, 5]",2.0
406,2,add,200,3,3,"[3, 5]",2.0
407,2,add,200,3,4,"[3, 5]",2.0
408,2,add,500,1,1,"[3, 5]",2.0
409,2,add,500,1,2,"[3, 5]",2.0
410,2,add,500,1,3,"[3, 5]",2.0
411,2,add,500,1,4,"[3, 5]",2.0
412,2,add,500,2,1,"[3, 5]",2.0
413,2,add,500,2,2,"[3, 5]",2.0
414,2,add,500,2,3,"[3, 5]",2.0
415,2,add,500,2,4,"[3, 5]",2.0
416,2,add,500,3,1,"[3, 5]",2.0
417,2,add,500,3,2,"[3, 5]",2.0
418,2,add,500,3,3,"[3, 5]",2.0
419,2,add,500,3,4,"[3, 5]",2.0
420,2,all,10,1,1,"[3, 0, 1, 5]",1.0
421,2,all,10,1,2,"[3, 0, 1, 5]",1.0
422,2,all,10,1,3,"[3, 0, 1, 5]",1.0
423,2,all,10,1,4,"[3, 0, 1, 5]",1.0
424,2,all,10,2,1,"[3, 5]",2.0
425,2,all,10,2,2,"[3, 5]",2.0
426,2,all,10,2,3,"[3, 5]",2.0
427,2,all,10,2,4,"[3, 5]",2.0
428,2,all,10,3,1,"[3, 5]",2.0
429,2,all,10,3,2,"[3, 5]",2.0
430,2,all,10,3,3,"[3, 5]",2.0
431,2,all,10,3,4,"[3, 5]",2.0
432,2,all,50,1,1,"[3, 0, 1, 5]",1.0
433,2,all,50,1,2,"[3, 0, 1, 5]",1.0
434,2,all,50,1,3,"[3, 5]",2.0
435,2,all,50,1,4,"[3, 5]",2.0
436,2,all,50,2,1,"[3, 5]",2.0
437,2,all,50,2,2,"[3, 5]",2.0
438,2,all,50,2,3,"[3, 5]",2.0
439,2,all,50,2,4,"[3, 5]",2.0
440,2,all,50,3,1,"[3, 5]",2.0
441,2,all,50,3,2,"[3, 5]",2.0
442,2,all,50,3,3,"[3, 5]",2.0
443,2,all,50,3,4,"[3, 5]",2.0
444,2,all,100,1,1,"[3, 0, 1, 5]",1.0
445,2,all,100,1,2,"[3, 5]",2.0
446,2,all,100,1,3,"[3, 5]",2.0
447,2,all,100,1,4,"[3, 5]",2.0
448,2,all,100,2,1,"[3, 5]",2.0
449,2,all,100,2,2,"[3, 5]",2.0
450,2,all,100,2,3,"[3, 5]",2.0
451,2,all,100,2,4,"[3, 5]",2.0
452,2,all,100,3,1,"[3, 5]",2.0
453,2,all,100,3,2,"[3, 5]",2.0
454,2,all,100,3,3,"[3, 5]",2.0
455,2,all,100,3,4,"[3, 5]",2.0
456,2,all,200,1,1,"[3, 5]",2.0
457,2,all,200,1,2,"[3, 5]",2.0
458,2,all,200,1,3,"[3, 5]",2.0
459,2,all,200,1,4,"[3, 5]",2.0
460,2,all,200,2,1,"[3, 5]",2.0
461,2,all,200,2,2,"[3, 5]",2.0
462,2,all,200,2,3,"[3, 5]",2.0
463,2,all,200,2,4,"[3, 5]",2.0
464,2,all,200,3,1,"[3, 5]",2.0
465,2,all,200,3,2,"[3, 5]",2.0
466,2,all,200,3,3,"[3, 5]",2.0
467,2,all,200,3,4,"[3, 5]",2.0
468,2,all,500,1,1,"[3, 5]",2.0
469,2,all,500,1,2,"[3, 5]",2.0
470,2,all,500,1,3,"[3, 5]",2.0
471,2,all,500,1,4,"[3, 5]",2.0
472,2,all,500,2,1,"[3, 5]",2.0
473,2,all,500,2,2,"[3, 5]",2.0
474,2,all,500,2,3,"[3, 5]",2.0
475,2,all,500,2,4,"[3, 5]",2.0
476,2,all,500,3,1,"[3, 5]",2.0
477,2,all,500,3,2,"[3, 5]",2.0
478,2,all,500,3,3,"[3, 5]",2.0
479,2,all,500,3,4,"[3, 5]",2.0
