,source,mutation_method,num_iterations,population_size,selection_type,best_state,best_score
0,1,shuffle,10,5,tournament,"[1, 0, 2, 3, 4]",104.1531744
1,1,shuffle,10,10,tournament,"[1, 0, 2, 3, 4]",104.1531744
2,1,shuffle,10,20,tournament,"[1, 0, 2, 3, 4]",104.1531744
3,1,shuffle,10,50,tournament,"[1, 0, 2, 3, 4]",104.1531744
4,1,shuffle,10,100,tournament,"[1, 0, 2, 3, 4]",104.1531744
5,1,shuffle,50,5,tournament,"[1, 0, 2, 3, 4]",104.1531744
6,1,shuffle,50,10,tournament,"[1, 0, 2, 3, 4]",104.1531744
7,1,shuffle,50,20,tournament,"[1, 0, 2, 3, 4]",104.1531744
8,1,shuffle,50,50,tournament,"[1, 0, 2, 3, 4]",104.1531744
9,1,shuffle,50,100,tournament,"[1, 0, 2, 3, 4]",104.1531744
10,1,shuffle,100,5,tournament,"[1, 0, 2, 3, 4]",104.1531744
11,1,shuffle,100,10,tournament,"[1, 0, 2, 3, 4]",104.1531744
12,1,shuffle,100,20,tournament,"[1, 0, 2, 3, 4]",104.1531744
13,1,shuffle,100,50,tournament,"[1, 0, 2, 3, 4]",104.1531744
14,1,shuffle,100,100,tournament,"[1, 0, 2, 3, 4]",104.1531744
15,1,shuffle,200,5,tournament,"[1, 0, 2, 4]",104.3284
16,1,shuffle,200,10,tournament,"[1, 0, 2, 4]",104.3284
17,1,shuffle,200,20,tournament,"[1, 0, 2, 3, 4]",104.1531744
18,1,shuffle,200,50,tournament,"[1, 0, 2, 3, 4]",104.1531744
19,1,shuffle,200,100,tournament,"[1, 0, 2, 3, 4]",104.1531744
20,1,shuffle,500,5,tournament,"[1, 0, 2, 3, 4]",104.1531744
21,1,shuffle,500,10,tournament,"[1, 0, 2, 3, 4]",104.1531744
22,1,shuffle,500,20,tournament,"[1, 0, 2, 3, 4]",104.1531744
23,1,shuffle,500,50,tournament,"[1, 0, 2, 3, 4]",104.1531744
24,1,shuffle,500,100,tournament,"[1, 0, 2, 3, 4]",104.1531744
25,1,swap,10,5,tournament,"[1, 0, 2, 3, 4]",104.1531744
26,1,swap,10,10,tournament,"[1, 0, 2, 3, 4]",104.1531744
27,1,swap,10,20,tournament,"[1, 0, 2, 3, 4]",104.1531744
28,1,swap,10,50,tournament,"[1, 0, 2, 3, 4]",104.1531744
29,1,swap,10,100,tournament,"[1, 0, 2, 3, 4]",104.1531744
30,1,swap,50,5,tournament,"[1, 0, 2, 3, 4]",104.1531744
31,1,swap,50,10,tournament,"[1, 0, 2, 3, 4]",104.1531744
32,1,swap,50,20,tournament,"[1, 0, 2, 3, 4]",104.1531744
33,1,swap,50,50,tournament,"[1, 0, 2, 3, 4]",104.1531744
34,1,swap,50,100,tournament,"[1, 0, 2, 4]",104.3284
35,1,swap,100,5,tournament,"[1, 0, 2, 3, 4]",104.1531744
36,1,swap,100,10,tournament,"[1, 0, 2, 3, 4]",104.1531744
37,1,swap,100,20,tournament,"[1, 0, 2, 3, 4]",104.1531744
38,1,swap,100,50,tournament,"[1, 0, 2, 3, 4]",104.1531744
39,1,swap,100,100,tournament,"[1, 0, 2, 3, 4]",104.1531744
40,1,swap,200,5,tournament,"[1, 0, 2, 3, 4]",104.1531744
41,1,swap,200,10,tournament,"[1, 0, 2, 3, 4]",104.1531744
42,1,swap,200,20,tournament,"[1, 0, 2, 3, 4]",104.1531744
43,1,swap,200,50,tournament,"[1, 0, 2, 3, 4]",104.1531744
44,1,swap,200,100,tournament,"[1, 0, 2, 3, 4]",104.1531744
45,1,swap,500,5,tournament,"[1, 0, 2, 3, 4]",104.1531744
46,1,swap,500,10,tournament,"[1, 0, 2, 3, 4]",104.1531744
47,1,swap,500,20,tournament,"[1, 0, 2, 3, 4]",104.1531744
48,1,swap,500,50,tournament,"[1, 0, 2, 3, 4]",104.1531744
49,1,swap,500,100,tournament,"[1, 0, 2, 3, 4]",104.1531744
50,1,add,10,5,tournament,"[1, 0, 2, 3, 4]",104.1531744
51,1,add,10,10,tournament,"[1, 0, 2, 4]",104.3284
52,1,add,10,20,tournament,"[1, 0, 2, 3, 4]",104.1531744
53,1,add,10,50,tournament,"[1, 0, 2, 3, 4]",104.1531744
54,1,add,10,100,tournament,"[1, 0, 2, 3, 4]",104.1531744
55,1,add,50,5,tournament,"[1, 0, 2, 3, 4]",104.1531744
56,1,add,50,10,tournament,"[1, 0, 2, 3, 4]",104.1531744
57,1,add,50,20,tournament,"[1, 0, 2, 4]",104.3284
58,1,add,50,50,tournament,"[1, 0, 2, 3, 4]",104.1531744
59,1,add,50,100,tournament,"[1, 0, 2, 3, 4]",104.1531744
60,1,add,100,5,tournament,"[1, 0, 2, 3, 4]",104.1531744
61,1,add,100,10,tournament,"[1, 0, 2, 3, 4]",104.1531744
62,1,add,100,20,tournament,"[1, 0, 2, 4]",104.3284
63,1,add,100,50,tournament,"[1, 0, 2, 3, 4]",104.1531744
64,1,add,100,100,tournament,"[1, 0, 2, 3, 4]",104.1531744
65,1,add,200,5,tournament,"[1, 0, 2, 3, 4]",104.1531744
66,1,add,200,10,tournament,"[1, 0, 2, 4]",104.3284
67,1,add,200,20,tournament,"[1, 0, 2, 3, 4]",104.1531744
68,1,add,200,50,tournament,"[1, 0, 2, 3, 4]",104.1531744
69,1,add,200,100,tournament,"[1, 0, 2, 3, 4]",104.1531744
70,1,add,500,5,tournament,"[1, 0, 2, 3, 4]",104.1531744
71,1,add,500,10,tournament,"[1, 0, 2, 3, 4]",104.1531744
72,1,add,500,20,tournament,"[1, 0, 2, 3, 4]",104.1531744
73,1,add,500,50,tournament,"[1, 0, 2, 3, 4]",104.1531744
74,1,add,500,100,tournament,"[1, 0, 2, 3, 4]",104.1531744
75,1,all,10,5,tournament,"[1, 0, 2, 3, 4]",104.1531744
76,1,all,10,10,tournament,"[1, 0, 2, 3, 4]",104.1531744
77,1,all,10,20,tournament,"[1, 0, 2, 3, 4]",104.1531744
78,1,all,10,50,tournament,"[1, 0, 2, 3, 4]",104.1531744
79,1,all,10,100,tournament,"[1, 0, 2, 4]",104.3284
80,1,all,50,5,tournament,"[1, 0, 2, 3, 4]",104.1531744
81,1,all,50,10,tournament,"[1, 0, 2, 4]",104.3284
82,1,all,50,20,tournament,"[1, 0, 2, 3, 4]",104.1531744
83,1,all,50,50,tournament,"[1, 0, 2, 3, 4]",104.1531744
84,1,all,50,100,tournament,"[1, 0, 2, 3, 4]",104.1531744
85,1,all,100,5,tournament,"[1, 0, 2, 3, 4]",104.1531744
86,1,all,100,10,tournament,"[1, 0, 2, 3, 4]",104.1531744
87,1,all,100,20,tournament,"[1, 0, 2, 3, 4]",104.1531744
88,1,all,100,50,tournament,"[1, 0, 2, 3, 4]",104.1531744
89,1,all,100,100,tournament,"[1, 0, 2, 3, 4]",104.1531744
90,1,all,200,5,tournament,"[1, 0, 2, 4]",104.3284
91,1,all,200,10,tournament,"[1, 0, 2, 4]",104.3284
92,1,all,200,20,tournament,"[1, 0, 2, 3, 4]",104.1531744
93,1,all,200,50,tournament,"[1, 0, 2, 3, 4]",104.1531744
94,1,all,200,100,tournament,"[1, 0, 2, 3, 4]",104.1531744
95,1,all,500,5,tournament,"[1, 0, 2, 4]",104.3284
96,1,all,500,10,tournament,"[1, 0, 2, 4]",104.3284
97,1,all,500,20,tournament,"[1, 0, 2, 4]",104.3284
98,1,all,500,50,tournament,"[1, 0, 2, 4]",104.3284
99,1,all,500,100,tournament,"[1, 0, 2, 3, 4]",104.1531744
100,1,shuffle,10,5,roulette,"[1, 0, 2, 4]",104.3284
101,1,shuffle,10,10,roulette,"[1, 0, 2, 3, 4]",104.1531744
102,1,shuffle,10,20,roulette,"[1, 0, 2, 3, 4]",104.1531744
103,1,shuffle,10,50,roulette,"[1, 0, 2, 4]",104.3284
104,1,shuffle,10,100,roulette,"[1, 0, 2, 4]",104.3284
105,1,shuffle,50,5,roulette,"[1, 0, 2, 4]",104.3284
106,1,shuffle,50,10,roulette,"[1, 0, 2, 3, 4]",104.1531744
107,1,shuffle,50,20,roulette,"[1, 0, 2, 3, 4]",104.1531744
108,1,shuffle,50,50,roulette,"[1, 0, 2, 4]",104.3284
109,1,shuffle,50,100,roulette,"[1, 0, 2, 4]",104.3284
110,1,shuffle,100,5,roulette,"[1, 0, 2, 4]",104.3284
111,1,shuffle,100,10,roulette,"[1, 0, 2, 3, 4]",104.1531744
112,1,shuffle,100,20,roulette,"[1, 0, 2, 3, 4]",104.1531744
113,1,shuffle,100,50,roulette,"[1, 0, 2, 4]",104.3284
114,1,shuffle,100,100,roulette,"[1, 0, 2, 4]",104.3284
115,1,shuffle,200,5,roulette,"[1, 0, 2, 4]",104.3284
116,1,shuffle,200,10,roulette,"[1, 0, 2, 3, 4]",104.1531744
117,1,shuffle,200,20,roulette,"[1, 0, 2, 3, 4]",104.1531744
118,1,shuffle,200,50,roulette,"[1, 0, 2, 4]",104.3284
119,1,shuffle,200,100,roulette,"[1, 0, 2, 4]",104.3284
120,1,shuffle,500,5,roulette,"[1, 0, 2, 4]",104.3284
121,1,shuffle,500,10,roulette,"[1, 0, 2, 3, 4]",104.1531744
122,1,shuffle,500,20,roulette,"[1, 0, 2, 3, 4]",104.1531744
123,1,shuffle,500,50,roulette,"[1, 0, 2, 4]",104.3284
124,1,shuffle,500,100,roulette,"[1, 0, 2, 4]",104.3284
125,1,swap,10,5,roulette,"[1, 0, 2, 4]",104.3284
126,1,swap,10,10,roulette,"[1, 0, 2, 3, 4]",104.1531744
127,1,swap,10,20,roulette,"[1, 0, 2, 4]",104.3284
128,1,swap,10,50,roulette,"[1, 0, 2, 4]",104.3284
129,1,swap,10,100,roulette,"[1, 0, 2, 4]",104.3284
130,1,swap,50,5,roulette,"[1, 0, 2, 4]",104.3284
131,1,swap,50,10,roulette,"[1, 0, 2, 3, 4]",104.1531744
132,1,swap,50,20,roulette,"[1, 0, 2, 4]",104.3284
133,1,swap,50,50,roulette,"[1, 0, 2, 4]",104.3284
134,1,swap,50,100,roulette,"[1, 0, 2, 4]",104.3284
135,1,swap,100,5,roulette,"[1, 0, 2, 4]",104.3284
136,1,swap,100,10,roulette,"[1, 0, 2, 3, 4]",104.1531744
137,1,swap,100,20,roulette,"[1, 0, 2, 4]",104.3284
138,1,swap,100,50,roulette,"[1, 0, 2, 4]",104.3284
139,1,swap,100,100,roulette,"[1, 0, 2, 4]",104.3284
140,1,swap,200,5,roulette,"[1, 0, 2, 4]",104.3284
141,1,swap,200,10,roulette,"[1, 0, 2, 3, 4]",104.1531744
142,1,swap,200,20,roulette,"[1, 0, 2, 4]",104.3284
143,1,swap,200,50,roulette,"[1, 0, 2, 4]",104.3284
144,1,swap,200,100,roulette,"[1, 0, 2, 4]",104.3284
145,1,swap,500,5,roulette,"[1, 0, 2, 4]",104.3284
146,1,swap,500,10,roulette,"[1, 0, 2, 3, 4]",104.1531744
147,1,swap,500,20,roulette,"[1, 0, 2, 4]",104.3284
148,1,swap,500,50,roulette,"[1, 0, 2, 4]",104.3284
149,1,swap,500,100,roulette,"[1, 0, 2, 4]",104.3284
150,1,add,10,5,roulette,"[1, 0, 2, 4]",104.3284
151,1,add,10,10,roulette,"[1, 0, 2, 4]",104.3284
152,1,add,10,20,roulette,"[1, 0, 2, 4]",104.3284
153,1,add,10,50,roulette,"[1, 0, 2, 4]",104.3284
154,1,add,10,100,roulette,"[1, 0, 2, 4]",104.3284
155,1,add,50,5,roulette,"[1, 0, 2, 4]",104.3284
156,1,add,50,10,roulette,"[1, 0, 2, 4]",104.3284
157,1,add,50,20,roulette,"[1, 0, 2, 4]",104.3284
158,1,add,50,50,roulette,"[1, 0, 2, 4]",104.3284
159,1,add,50,100,roulette,"[1, 0, 2, 4]",104.3284
160,1,add,100,5,roulette,"[1, 0, 2, 4]",104.3284
161,1,add,100,10,roulette,"[1, 0, 2, 4]",104.3284
162,1,add,100,20,roulette,"[1, 0, 2, 4]",104.3284
163,1,add,100,50,roulette,"[1, 0, 2, 4]",104.3284
164,1,add,100,100,roulette,"[1, 0, 2, 4]",104.3284
165,1,add,200,5,roulette,"[1, 0, 2, 4]",104.3284
166,1,add,200,10,roulette,"[1, 0, 2, 4]",104.3284
167,1,add,200,20,roulette,"[1, 0, 2, 4]",104.3284
168,1,add,200,50,roulette,"[1, 0, 2, 4]",104.3284
169,1,add,200,100,roulette,"[1, 0, 2, 4]",104.3284
170,1,add,500,5,roulette,"[1, 0, 2, 4]",104.3284
171,1,add,500,10,roulette,"[1, 0, 2, 4]",104.3284
172,1,add,500,20,roulette,"[1, 0, 2, 4]",104.3284
173,1,add,500,50,roulette,"[1, 0, 2, 4]",104.3284
174,1,add,500,100,roulette,"[1, 0, 2, 4]",104.3284
175,1,all,10,5,roulette,"[1, 0, 2, 3, 4]",104.1531744
176,1,all,10,10,roulette,"[1, 0, 2, 4]",104.3284
177,1,all,10,20,roulette,"[1, 0, 2, 4]",104.3284
178,1,all,10,50,roulette,"[1, 0, 2, 4]",104.3284
179,1,all,10,100,roulette,"[1, 0, 2, 4]",104.3284
180,1,all,50,5,roulette,"[1, 0, 2, 4]",104.3284
181,1,all,50,10,roulette,"[1, 0, 2, 4]",104.3284
182,1,all,50,20,roulette,"[1, 0, 2, 4]",104.3284
183,1,all,50,50,roulette,"[1, 0, 2, 4]",104.3284
184,1,all,50,100,roulette,"[1, 0, 2, 4]",104.3284
185,1,all,100,5,roulette,"[1, 0, 2, 4]",104.3284
186,1,all,100,10,roulette,"[1, 0, 2, 4]",104.3284
187,1,all,100,20,roulette,"[1, 0, 2, 4]",104.3284
188,1,all,100,50,roulette,"[1, 0, 2, 4]",104.3284
189,1,all,100,100,roulette,"[1, 0, 2, 4]",104.3284
190,1,all,200,5,roulette,"[1, 0, 2, 4]",104.3284
191,1,all,200,10,roulette,"[1, 0, 2, 4]",104.3284
192,1,all,200,20,roulette,"[1, 0, 2, 4]",104.3284
193,1,all,200,50,roulette,"[1, 0, 2, 4]",104.3284
194,1,all,200,100,roulette,"[1, 0, 2, 4]",104.3284
195,1,all,500,5,roulette,"[1, 0, 2, 4]",104.3284
196,1,all,500,10,roulette,"[1, 0, 2, 4]",104.3284
197,1,all,500,20,roulette,"[1, 0, 2, 4]",104.3284
198,1,all,500,50,roulette,"[1, 0, 2, 4]",104.3284
199,1,all,500,100,roulette,"[1, 0, 2, 4]",104.3284
200,1,shuffle,10,5,threshold,"[1, 0, 2, 4]",104.3284
201,1,shuffle,10,10,threshold,"[1, 0, 2, 4]",104.3284
202,1,shuffle,10,20,threshold,"[1, 0, 2, 4]",104.3284
203,1,shuffle,10,50,threshold,"[1, 0, 2, 4]",104.3284
204,1,shuffle,10,100,threshold,"[1, 0, 2, 4]",104.3284
205,1,shuffle,50,5,threshold,"[1, 0, 2, 4]",104.3284
206,1,shuffle,50,10,threshold,"[1, 0, 2, 4]",104.3284
207,1,shuffle,50,20,threshold,"[1, 0, 2, 4]",104.3284
208,1,shuffle,50,50,threshold,"[1, 0, 2, 4]",104.3284
209,1,shuffle,50,100,threshold,"[1, 0, 2, 4]",104.3284
210,1,shuffle,100,5,threshold,"[1, 0, 2, 4]",104.3284
211,1,shuffle,100,10,threshold,"[1, 0, 2, 4]",104.3284
212,1,shuffle,100,20,threshold,"[1, 0, 2, 4]",104.3284
213,1,shuffle,100,50,threshold,"[1, 0, 2, 4]",104.3284
214,1,shuffle,100,100,threshold,"[1, 0, 2, 4]",104.3284
215,1,shuffle,200,5,threshold,"[1, 0, 2, 4]",104.3284
216,1,shuffle,200,10,threshold,"[1, 0, 2, 4]",104.3284
217,1,shuffle,200,20,threshold,"[1, 0, 2, 4]",104.3284
218,1,shuffle,200,50,threshold,"[1, 0, 2, 4]",104.3284
219,1,shuffle,200,100,threshold,"[1, 0, 2, 4]",104.3284
220,1,shuffle,500,5,threshold,"[1, 0, 2, 4]",104.3284
221,1,shuffle,500,10,threshold,"[1, 0, 2, 4]",104.3284
222,1,shuffle,500,20,threshold,"[1, 0, 2, 4]",104.3284
223,1,shuffle,500,50,threshold,"[1, 0, 2, 4]",104.3284
224,1,shuffle,500,100,threshold,"[1, 0, 2, 4]",104.3284
225,1,swap,10,5,threshold,"[1, 0, 2, 3, 4]",104.1531744
226,1,swap,10,10,threshold,"[1, 0, 2, 3, 4]",104.1531744
227,1,swap,10,20,threshold,"[1, 0, 2, 3, 4]",104.1531744
228,1,swap,10,50,threshold,"[1, 0, 2, 4]",104.3284
229,1,swap,10,100,threshold,"[1, 0, 2, 4]",104.3284
230,1,swap,50,5,threshold,"[1, 0, 2, 3, 4]",104.1531744
231,1,swap,50,10,threshold,"[1, 0, 2, 3, 4]",104.1531744
232,1,swap,50,20,threshold,"[1, 0, 2, 4]",104.3284
233,1,swap,50,50,threshold,"[1, 0, 2, 4]",104.3284
234,1,swap,50,100,threshold,"[1, 0, 2, 4]",104.3284
235,1,swap,100,5,threshold,"[1, 0, 2, 3, 4]",104.1531744
236,1,swap,100,10,threshold,"[1, 0, 2, 3, 4]",104.1531744
237,1,swap,100,20,threshold,"[1, 0, 2, 4]",104.3284
238,1,swap,100,50,threshold,"[1, 0, 2, 4]",104.3284
239,1,swap,100,100,threshold,"[1, 0, 2, 4]",104.3284
240,1,swap,200,5,threshold,"[1, 0, 2, 3, 4]",104.1531744
241,1,swap,200,10,threshold,"[1, 0, 2, 3, 4]",104.1531744
242,1,swap,200,20,threshold,"[1, 0, 2, 4]",104.3284
243,1,swap,200,50,threshold,"[1, 0, 2, 4]",104.3284
244,1,swap,200,100,threshold,"[1, 0, 2, 4]",104.3284
245,1,swap,500,5,threshold,"[1, 0, 2, 3, 4]",104.1531744
246,1,swap,500,10,threshold,"[1, 0, 2, 3, 4]",104.1531744
247,1,swap,500,20,threshold,"[1, 0, 2, 4]",104.3284
248,1,swap,500,50,threshold,"[1, 0, 2, 4]",104.3284
249,1,swap,500,100,threshold,"[1, 0, 2, 4]",104.3284
250,1,add,10,5,threshold,"[1, 0, 2, 3, 4]",104.1531744
251,1,add,10,10,threshold,"[1, 0, 2, 4]",104.3284
252,1,add,10,20,threshold,"[1, 0, 2, 4]",104.3284
253,1,add,10,50,threshold,"[1, 0, 2, 4]",104.3284
254,1,add,10,100,threshold,"[1, 0, 2, 4]",104.3284
255,1,add,50,5,threshold,"[1, 0, 2, 3, 4]",104.1531744
256,1,add,50,10,threshold,"[1, 0, 2, 4]",104.3284
257,1,add,50,20,threshold,"[1, 0, 2, 4]",104.3284
258,1,add,50,50,threshold,"[1, 0, 2, 4]",104.3284
259,1,add,50,100,threshold,"[1, 0, 2, 4]",104.3284
260,1,add,100,5,threshold,"[1, 0, 2, 3, 4]",104.1531744
261,1,add,100,10,threshold,"[1, 0, 2, 4]",104.3284
262,1,add,100,20,threshold,"[1, 0, 2, 4]",104.3284
263,1,add,100,50,threshold,"[1, 0, 2, 4]",104.3284
264,1,add,100,100,threshold,"[1, 0, 2, 4]",104.3284
265,1,add,200,5,threshold,"[1, 0, 2, 3, 4]",104.1531744
266,1,add,200,10,threshold,"[1, 0, 2, 4]",104.3284
267,1,add,200,20,threshold,"[1, 0, 2, 4]",104.3284
268,1,add,200,50,threshold,"[1, 0, 2, 4]",104.3284
269,1,add,200,100,threshold,"[1, 0, 2, 4]",104.3284
270,1,add,500,5,threshold,"[1, 0, 2, 3, 4]",104.1531744
271,1,add,500,10,threshold,"[1, 0, 2, 4]",104.3284
272,1,add,500,20,threshold,"[1, 0, 2, 4]",104.3284
273,1,add,500,50,threshold,"[1, 0, 2, 4]",104.3284
274,1,add,500,100,threshold,"[1, 0, 2, 4]",104.3284
275,1,all,10,5,threshold,"[1, 0, 2, 4]",104.3284
276,1,all,10,10,threshold,"[1, 0, 2, 4]",104.3284
277,1,all,10,20,threshold,"[1, 0, 2, 4]",104.3284
278,1,all,10,50,threshold,"[1, 0, 2, 4]",104.3284
279,1,all,10,100,threshold,"[1, 0, 2, 4]",104.3284
280,1,all,50,5,threshold,"[1, 0, 2, 4]",104.3284
281,1,all,50,10,threshold,"[1, 0, 2, 4]",104.3284
282,1,all,50,20,threshold,"[1, 0, 2, 4]",104.3284
283,1,all,50,50,threshold,"[1, 0, 2, 4]",104.3284
284,1,all,50,100,threshold,"[1, 0, 2, 4]",104.3284
285,1,all,100,5,threshold,"[1, 0, 2, 4]",104.3284
286,1,all,100,10,threshold,"[1, 0, 2, 4]",104.3284
287,1,all,100,20,threshold,"[1, 0, 2, 4]",104.3284
288,1,all,100,50,threshold,"[1, 0, 2, 4]",104.3284
289,1,all,100,100,threshold,"[1, 0, 2, 4]",104.3284
290,1,all,200,5,threshold,"[1, 0, 2, 4]",104.3284
291,1,all,200,10,threshold,"[1, 0, 2, 4]",104.3284
292,1,all,200,20,threshold,"[1, 0, 2, 4]",104.3284
293,1,all,200,50,threshold,"[1, 0, 2, 4]",104.3284
294,1,all,200,100,threshold,"[1, 0, 2, 4]",104.3284
295,1,all,500,5,threshold,"[1, 0, 2, 4]",104.3284
296,1,all,500,10,threshold,"[1, 0, 2, 4]",104.3284
297,1,all,500,20,threshold,"[1, 0, 2, 4]",104.3284
298,1,all,500,50,threshold,"[1, 0, 2, 4]",104.3284
299,1,all,500,100,threshold,"[1, 0, 2, 4]",104.3284
300,2,shuffle,10,5,tournament,"[3, 7, 8, 9, 5]",0.0625
301,2,shuffle,10,10,tournament,"[3, 0, 2, 9, 5]",0.125
302,2,shuffle,10,20,tournament,"[3, 0, 4, 9, 7, 2, 6, 8, 1, 5]",0.0078125
303,2,shuffle,10,50,tournament,"[4, 9, 6, 0, 3, 5]",0.125
304,2,shuffle,10,100,tournament,"[3, 0, 1, 9, 6, 8, 7, 4, 2, 5]",0.0078125
305,2,shuffle,50,5,tournament,"[3, 1, 6, 5]",0.125
306,2,shuffle,50,10,tournament,"[3, 0, 9, 2, 5]",0.125
307,2,shuffle,50,20,tournament,"[3, 7, 5]",0.25
308,2,shuffle,50,50,tournament,"[4, 4, 5]",0.25
309,2,shuffle,50,100,tournament,"[3, 7, 1, 0, 9, 5]",0.03125
310,2,shuffle,100,5,tournament,"[3, 9, 4, 5]",0.125
311,2,shuffle,100,10,tournament,"[3, 8, 0, 5]",0.125
312,2,shuffle,100,20,tournament,"[3, 0, 1, 9, 8, 2, 6, 4, 7, 5]",0.0078125
313,2,shuffle,100,50,tournament,"[3, 8, 0, 5]",0.125
314,2,shuffle,100,100,tournament,"[3, 0, 5]",0.5
315,2,shuffle,200,5,tournament,"[3, 7, 6, 9, 1, 5]",0.0625
316,2,shuffle,200,10,tournament,"[3, 0, 1, 2, 8, 6, 4, 5]",0.03125
317,2,shuffle,200,20,tournament,"[3, 7, 2, 5]",0.125
318,2,shuffle,200,50,tournament,"[1, 1, 5]",0.5
319,2,shuffle,200,100,tournament,"[3, 0, 6, 5]",0.25
320,2,shuffle,500,5,tournament,"[3, 4, 8, 9, 7, 0, 5]",0.015625
321,2,shuffle,500,10,tournament,"[3, 0, 1, 6, 9, 5]",0.125
322,2,shuffle,500,20,tournament,"[3, 0, 1, 2, 9, 5]",0.125
323,2,shuffle,500,50,tournament,"[8, 2, 5]",0.25
324,2,shuffle,500,100,tournament,"[3, 7, 1, 5]",0.25
325,2,swap,10,5,tournament,"[3, 2, 0, 6, 8, 4, 9, 7, 1, 5]",0.00390625
326,2,swap,10,10,tournament,"[3, 2, 0, 6, 8, 4, 9, 7, 1, 5]",0.00390625
327,2,swap,10,20,tournament,"[3, 9, 5]",0.25
328,2,swap,10,50,tournament,"[3, 8, 9, 5]",0.125
329,2,swap,10,100,tournament,"[3, 7, 5]",0.25
330,2,swap,50,5,tournament,"[3, 0, 8, 1, 5]",0.25
331,2,swap,50,10,tournament,"[3, 8, 1, 6, 5]",0.0625
332,2,swap,50,20,tournament,"[3, 2, 0, 6, 8, 4, 9, 7, 1, 5]",0.00390625
333,2,swap,50,50,tournament,"[3, 8, 1, 5]",0.25
334,2,swap,50,100,tournament,"[4, 0, 5]",0.25
335,2,swap,100,5,tournament,"[3, 0, 6, 5]",0.25
336,2,swap,100,10,tournament,"[3, 0, 6, 5]",0.25
337,2,swap,100,20,tournament,"[3, 7, 0, 5]",0.125
338,2,swap,100,50,tournament,"[3, 2, 0, 5]",0.125
339,2,swap,100,100,tournament,"[3, 2, 5]",0.25
340,2,swap,200,5,tournament,"[3, 7, 2, 1, 6, 5]",0.03125
341,2,swap,200,10,tournament,"[3, 2, 0, 6, 8, 4, 9, 7, 1, 5]",0.00390625
342,2,swap,200,20,tournament,"[3, 9, 7, 1, 5]",0.125
343,2,swap,200,50,tournament,"[3, 1, 0, 5]",0.125
344,2,swap,200,100,tournament,"[3, 0, 5]",0.5
345,2,swap,500,5,tournament,"[3, 2, 0, 6, 8, 4, 9, 7, 1, 5]",0.00390625
346,2,swap,500,10,tournament,"[3, 4, 7, 5]",0.125
347,2,swap,500,20,tournament,"[3, 7, 8, 6, 9, 5]",0.03125
348,2,swap,500,50,tournament,"[3, 2, 5]",0.25
349,2,swap,500,100,tournament,"[3, 8, 3, 5]",0.5
350,2,add,10,5,tournament,"[3, 2, 5]",0.25
351,2,add,10,10,tournament,"[3, 8, 2, 9, 7, 5]",0.03125
352,2,add,10,20,tournament,"[3, 2, 8, 7, 1, 5]",0.0625
353,2,add,10,50,tournament,"[3, 5]",2.0
354,2,add,10,100,tournament,"[4, 5]",0.5
355,2,add,50,5,tournament,"[3, 2, 0, 6, 8, 4, 9, 7, 1, 5]",0.00390625
356,2,add,50,10,tournament,"[3, 0, 4, 5]",0.25
357,2,add,50,20,tournament,"[3, 0, 5]",0.5
358,2,add,50,50,tournament,"[3, 5]",2.0
359,2,add,50,100,tournament,"[3, 5]",2.0
360,2,add,100,5,tournament,"[3, 1, 2, 6, 5]",0.0625
361,2,add,100,10,tournament,"[3, 1, 5]",0.5
362,2,add,100,20,tournament,"[3, 5]",2.0
363,2,add,100,50,tournament,"[3, 5]",2.0
364,2,add,100,100,tournament,"[3, 5]",2.0
365,2,add,200,5,tournament,"[3, 9, 5]",0.25
366,2,add,200,10,tournament,"[3, 5]",2.0
367,2,add,200,20,tournament,"[3, 5]",2.0
368,2,add,200,50,tournament,"[3, 5]",2.0
369,2,add,200,100,tournament,"[3, 5]",2.0
370,2,add,500,5,tournament,"[3, 0, 5]",0.5
371,2,add,500,10,tournament,"[3, 5]",2.0
372,2,add,500,20,tournament,"[3, 5]",2.0
373,2,add,500,50,tournament,"[3, 5]",2.0
374,2,add,500,100,tournament,"[3, 5]",2.0
375,2,all,10,5,tournament,"[3, 8, 2, 6, 7, 5]",0.03125
376,2,all,10,10,tournament,"[3, 1, 2, 6, 5]",0.0625
377,2,all,10,20,tournament,"[3, 8, 6, 5]",0.125
378,2,all,10,50,tournament,"[3, 8, 1, 5]",0.25
379,2,all,10,100,tournament,"[3, 9, 1, 5]",0.25
380,2,all,50,5,tournament,"[3, 1, 9, 8, 0, 5]",0.03125
381,2,all,50,10,tournament,"[3, 5]",2.0
382,2,all,50,20,tournament,"[3, 5]",2.0
383,2,all,50,50,tournament,"[3, 5]",2.0
384,2,all,50,100,tournament,"[3, 5]",2.0
385,2,all,100,5,tournament,"[3, 4, 1, 5]",0.25
386,2,all,100,10,tournament,"[3, 5]",2.0
387,2,all,100,20,tournament,"[3, 5]",2.0
388,2,all,100,50,tournament,"[3, 5]",2.0
389,2,all,100,100,tournament,"[3, 5]",2.0
390,2,all,200,5,tournament,"[3, 5]",2.0
391,2,all,200,10,tournament,"[3, 5]",2.0
392,2,all,200,20,tournament,"[3, 5]",2.0
393,2,all,200,50,tournament,"[3, 5]",2.0
394,2,all,200,100,tournament,"[3, 5]",2.0
395,2,all,500,5,tournament,"[3, 5]",2.0
396,2,all,500,10,tournament,"[3, 5]",2.0
397,2,all,500,20,tournament,"[3, 5]",2.0
398,2,all,500,50,tournament,"[3, 5]",2.0
399,2,all,500,100,tournament,"[3, 5]",2.0
400,2,shuffle,10,5,roulette,"[3, 0, 2, 5]",0.25
401,2,shuffle,10,10,roulette,"[3, 3, 5]",1.0
402,2,shuffle,10,20,roulette,"[3, 3, 5]",1.0
403,2,shuffle,10,50,roulette,"[3, 3, 5]",1.0
404,2,shuffle,10,100,roulette,"[3, 0, 1, 5]",1.0
405,2,shuffle,50,5,roulette,"[3, 0, 2, 5]",0.25
406,2,shuffle,50,10,roulette,"[3, 3, 5]",1.0
407,2,shuffle,50,20,roulette,"[3, 3, 5]",1.0
408,2,shuffle,50,50,roulette,"[3, 3, 5]",1.0
409,2,shuffle,50,100,roulette,"[3, 0, 1, 5]",1.0
410,2,shuffle,100,5,roulette,"[3, 0, 2, 5]",0.25
411,2,shuffle,100,10,roulette,"[3, 3, 5]",1.0
412,2,shuffle,100,20,roulette,"[3, 3, 5]",1.0
413,2,shuffle,100,50,roulette,"[3, 3, 5]",1.0
414,2,shuffle,100,100,roulette,"[3, 0, 1, 5]",1.0
415,2,shuffle,200,5,roulette,"[3, 0, 2, 5]",0.25
416,2,shuffle,200,10,roulette,"[3, 3, 5]",1.0
417,2,shuffle,200,20,roulette,"[3, 3, 5]",1.0
418,2,shuffle,200,50,roulette,"[3, 3, 5]",1.0
419,2,shuffle,200,100,roulette,"[3, 0, 1, 5]",1.0
420,2,shuffle,500,5,roulette,"[3, 0, 2, 5]",0.25
421,2,shuffle,500,10,roulette,"[3, 3, 5]",1.0
422,2,shuffle,500,20,roulette,"[3, 3, 5]",1.0
423,2,shuffle,500,50,roulette,"[3, 3, 5]",1.0
424,2,shuffle,500,100,roulette,"[3, 0, 1, 5]",1.0
425,2,swap,10,5,roulette,"[3, 1, 6, 5]",0.125
426,2,swap,10,10,roulette,"[3, 3, 5]",1.0
427,2,swap,10,20,roulette,"[3, 0, 1, 5]",1.0
428,2,swap,10,50,roulette,"[3, 0, 1, 5]",1.0
429,2,swap,10,100,roulette,"[3, 3, 5]",1.0
430,2,swap,50,5,roulette,"[3, 1, 6, 5]",0.125
431,2,swap,50,10,roulette,"[3, 3, 5]",1.0
432,2,swap,50,20,roulette,"[3, 0, 1, 5]",1.0
433,2,swap,50,50,roulette,"[3, 0, 1, 5]",1.0
434,2,swap,50,100,roulette,"[3, 3, 5]",1.0
435,2,swap,100,5,roulette,"[3, 1, 6, 5]",0.125
436,2,swap,100,10,roulette,"[3, 3, 5]",1.0
437,2,swap,100,20,roulette,"[3, 0, 1, 5]",1.0
438,2,swap,100,50,roulette,"[3, 0, 1, 5]",1.0
439,2,swap,100,100,roulette,"[3, 3, 5]",1.0
440,2,swap,200,5,roulette,"[3, 1, 6, 5]",0.125
441,2,swap,200,10,roulette,"[3, 3, 5]",1.0
442,2,swap,200,20,roulette,"[3, 0, 1, 5]",1.0
443,2,swap,200,50,roulette,"[3, 0, 1, 5]",1.0
444,2,swap,200,100,roulette,"[3, 3, 5]",1.0
445,2,swap,500,5,roulette,"[3, 1, 6, 5]",0.125
446,2,swap,500,10,roulette,"[3, 3, 5]",1.0
447,2,swap,500,20,roulette,"[3, 0, 1, 5]",1.0
448,2,swap,500,50,roulette,"[3, 0, 1, 5]",1.0
449,2,swap,500,100,roulette,"[3, 3, 5]",1.0
450,2,add,10,5,roulette,"[3, 5]",2.0
451,2,add,10,10,roulette,"[3, 0, 1, 5]",1.0
452,2,add,10,20,roulette,"[3, 5]",2.0
453,2,add,10,50,roulette,"[3, 5]",2.0
454,2,add,10,100,roulette,"[3, 5]",2.0
455,2,add,50,5,roulette,"[3, 5]",2.0
456,2,add,50,10,roulette,"[3, 5]",2.0
457,2,add,50,20,roulette,"[3, 5]",2.0
458,2,add,50,50,roulette,"[3, 5]",2.0
459,2,add,50,100,roulette,"[3, 5]",2.0
460,2,add,100,5,roulette,"[3, 5]",2.0
461,2,add,100,10,roulette,"[3, 5]",2.0
462,2,add,100,20,roulette,"[3, 5]",2.0
463,2,add,100,50,roulette,"[3, 5]",2.0
464,2,add,100,100,roulette,"[3, 5]",2.0
465,2,add,200,5,roulette,"[3, 5]",2.0
466,2,add,200,10,roulette,"[3, 5]",2.0
467,2,add,200,20,roulette,"[3, 5]",2.0
468,2,add,200,50,roulette,"[3, 5]",2.0
469,2,add,200,100,roulette,"[3, 5]",2.0
470,2,add,500,5,roulette,"[3, 5]",2.0
471,2,add,500,10,roulette,"[3, 5]",2.0
472,2,add,500,20,roulette,"[3, 5]",2.0
473,2,add,500,50,roulette,"[3, 5]",2.0
474,2,add,500,100,roulette,"[3, 5]",2.0
475,2,all,10,5,roulette,"[3, 5]",2.0
476,2,all,10,10,roulette,"[3, 5]",2.0
477,2,all,10,20,roulette,"[3, 5]",2.0
478,2,all,10,50,roulette,"[3, 5]",2.0
479,2,all,10,100,roulette,"[3, 5]",2.0
480,2,all,50,5,roulette,"[3, 5]",2.0
481,2,all,50,10,roulette,"[3, 5]",2.0
482,2,all,50,20,roulette,"[3, 5]",2.0
483,2,all,50,50,roulette,"[3, 5]",2.0
484,2,all,50,100,roulette,"[3, 5]",2.0
485,2,all,100,5,roulette,"[3, 5]",2.0
486,2,all,100,10,roulette,"[3, 5]",2.0
487,2,all,100,20,roulette,"[3, 5]",2.0
488,2,all,100,50,roulette,"[3, 5]",2.0
489,2,all,100,100,roulette,"[3, 5]",2.0
490,2,all,200,5,roulette,"[3, 5]",2.0
491,2,all,200,10,roulette,"[3, 5]",2.0
492,2,all,200,20,roulette,"[3, 5]",2.0
493,2,all,200,50,roulette,"[3, 5]",2.0
494,2,all,200,100,roulette,"[3, 5]",2.0
495,2,all,500,5,roulette,"[3, 5]",2.0
496,2,all,500,10,roulette,"[3, 5]",2.0
497,2,all,500,20,roulette,"[3, 5]",2.0
498,2,all,500,50,roulette,"[3, 5]",2.0
499,2,all,500,100,roulette,"[3, 5]",2.0
500,2,shuffle,10,5,threshold,"[3, 7, 1, 5]",0.25
501,2,shuffle,10,10,threshold,"[3, 2, 5]",0.25
502,2,shuffle,10,20,threshold,"[8, 4, 5]",0.25
503,2,shuffle,10,50,threshold,"[3, 1, 3, 5]",0.5
504,2,shuffle,10,100,threshold,"[3, 0, 3, 5]",1.0
505,2,shuffle,50,5,threshold,"[3, 1, 5]",0.5
506,2,shuffle,50,10,threshold,"[3, 2, 5]",0.25
507,2,shuffle,50,20,threshold,"[8, 4, 5]",0.25
508,2,shuffle,50,50,threshold,"[3, 3, 5]",1.0
509,2,shuffle,50,100,threshold,"[3, 0, 3, 5]",1.0
510,2,shuffle,100,5,threshold,"[3, 1, 5]",0.5
511,2,shuffle,100,10,threshold,"[3, 2, 5]",0.25
512,2,shuffle,100,20,threshold,"[8, 4, 5]",0.25
513,2,shuffle,100,50,threshold,"[3, 3, 5]",1.0
514,2,shuffle,100,100,threshold,"[3, 0, 3, 5]",1.0
515,2,shuffle,200,5,threshold,"[3, 1, 5]",0.5
516,2,shuffle,200,10,threshold,"[3, 2, 5]",0.25
517,2,shuffle,200,20,threshold,"[8, 4, 5]",0.25
518,2,shuffle,200,50,threshold,"[3, 3, 5]",1.0
519,2,shuffle,200,100,threshold,"[3, 0, 3, 5]",1.0
520,2,shuffle,500,5,threshold,"[3, 1, 5]",0.5
521,2,shuffle,500,10,threshold,"[3, 2, 5]",0.25
522,2,shuffle,500,20,threshold,"[8, 4, 5]",0.25
523,2,shuffle,500,50,threshold,"[3, 3, 5]",1.0
524,2,shuffle,500,100,threshold,"[3, 0, 3, 5]",1.0
525,2,swap,10,5,threshold,"[3, 2, 5]",0.25
526,2,swap,10,10,threshold,"[3, 3, 5]",1.0
527,2,swap,10,20,threshold,"[3, 1, 5]",0.5
528,2,swap,10,50,threshold,"[3, 0, 1, 5]",1.0
529,2,swap,10,100,threshold,"[3, 3, 5]",1.0
530,2,swap,50,5,threshold,"[3, 2, 5]",0.25
531,2,swap,50,10,threshold,"[3, 3, 5]",1.0
532,2,swap,50,20,threshold,"[3, 1, 5]",0.5
533,2,swap,50,50,threshold,"[3, 0, 1, 5]",1.0
534,2,swap,50,100,threshold,"[3, 3, 5]",1.0
535,2,swap,100,5,threshold,"[3, 2, 5]",0.25
536,2,swap,100,10,threshold,"[3, 3, 5]",1.0
537,2,swap,100,20,threshold,"[3, 1, 5]",0.5
538,2,swap,100,50,threshold,"[3, 0, 1, 5]",1.0
539,2,swap,100,100,threshold,"[3, 3, 5]",1.0
540,2,swap,200,5,threshold,"[3, 2, 5]",0.25
541,2,swap,200,10,threshold,"[3, 3, 5]",1.0
542,2,swap,200,20,threshold,"[3, 1, 5]",0.5
543,2,swap,200,50,threshold,"[3, 0, 1, 5]",1.0
544,2,swap,200,100,threshold,"[3, 3, 5]",1.0
545,2,swap,500,5,threshold,"[3, 2, 5]",0.25
546,2,swap,500,10,threshold,"[3, 3, 5]",1.0
547,2,swap,500,20,threshold,"[3, 1, 5]",0.5
548,2,swap,500,50,threshold,"[3, 0, 1, 5]",1.0
549,2,swap,500,100,threshold,"[3, 3, 5]",1.0
550,2,add,10,5,threshold,"[3, 1, 5]",0.5
551,2,add,10,10,threshold,"[3, 5]",2.0
552,2,add,10,20,threshold,"[3, 5]",2.0
553,2,add,10,50,threshold,"[3, 5]",2.0
554,2,add,10,100,threshold,"[3, 5]",2.0
555,2,add,50,5,threshold,"[3, 5]",2.0
556,2,add,50,10,threshold,"[3, 5]",2.0
557,2,add,50,20,threshold,"[3, 5]",2.0
558,2,add,50,50,threshold,"[3, 5]",2.0
559,2,add,50,100,threshold,"[3, 5]",2.0
560,2,add,100,5,threshold,"[3, 5]",2.0
561,2,add,100,10,threshold,"[3, 5]",2.0
562,2,add,100,20,threshold,"[3, 5]",2.0
563,2,add,100,50,threshold,"[3, 5]",2.0
564,2,add,100,100,threshold,"[3, 5]",2.0
565,2,add,200,5,threshold,"[3, 5]",2.0
566,2,add,200,10,threshold,"[3, 5]",2.0
567,2,add,200,20,threshold,"[3, 5]",2.0
568,2,add,200,50,threshold,"[3, 5]",2.0
569,2,add,200,100,threshold,"[3, 5]",2.0
570,2,add,500,5,threshold,"[3, 5]",2.0
571,2,add,500,10,threshold,"[3, 5]",2.0
572,2,add,500,20,threshold,"[3, 5]",2.0
573,2,add,500,50,threshold,"[3, 5]",2.0
574,2,add,500,100,threshold,"[3, 5]",2.0
575,2,all,10,5,threshold,"[3, 1, 5]",0.5
576,2,all,10,10,threshold,"[3, 1, 3, 5]",0.5
577,2,all,10,20,threshold,"[3, 5]",2.0
578,2,all,10,50,threshold,"[3, 5]",2.0
579,2,all,10,100,threshold,"[3, 5]",2.0
580,2,all,50,5,threshold,"[3, 5]",2.0
581,2,all,50,10,threshold,"[3, 1, 3, 5]",0.5
582,2,all,50,20,threshold,"[3, 5]",2.0
583,2,all,50,50,threshold,"[3, 5]",2.0
584,2,all,50,100,threshold,"[3, 5]",2.0
585,2,all,100,5,threshold,"[3, 5]",2.0
586,2,all,100,10,threshold,"[3, 1, 3, 5]",0.5
587,2,all,100,20,threshold,"[3, 5]",2.0
588,2,all,100,50,threshold,"[3, 5]",2.0
589,2,all,100,100,threshold,"[3, 5]",2.0
590,2,all,200,5,threshold,"[3, 5]",2.0
591,2,all,200,10,threshold,"[3, 1, 3, 5]",0.5
592,2,all,200,20,threshold,"[3, 5]",2.0
593,2,all,200,50,threshold,"[3, 5]",2.0
594,2,all,200,100,threshold,"[3, 5]",2.0
595,2,all,500,5,threshold,"[3, 5]",2.0
596,2,all,500,10,threshold,"[3, 1, 3, 5]",0.5
597,2,all,500,20,threshold,"[3, 5]",2.0
598,2,all,500,50,threshold,"[3, 5]",2.0
599,2,all,500,100,threshold,"[3, 5]",2.0
